,,Acceleration,,Skidpad,,Autocross,,Endurance,,,
,,Tmin,Tmax ,Tmin,Tmax ,Tmin,Tmax ,Tmin,Tmax ,,
,,3.746,5.619,4.934,6.1675,45.734,66.3143,1369.936,1986.4072,,
Cd,Cl,lap time,points,lap time,points,lap time ,points,lap time,total time,points,Point Sum
0,0,3.38070441346355,130.957,4.290,139.119,53.389,70.252,58.138,1279.036,307.250,647.578
0,0.3,3.381,130.933,4.267,141.939,53.034,72.441,57.776,1271.077,312.652,657.965
0,0.6,3.381,130.908,4.244,144.821,52.679,74.662,57.414,1263.100,318.136,668.527
0,0.9,3.381,130.884,4.221,147.766,52.323,76.917,57.050,1255.095,323.708,679.276
0,1.2,3.382,130.859,4.198,150.777,51.966,79.208,56.685,1247.072,329.365,690.208
0,1.5,3.382,130.835,4.174,153.854,51.610,81.528,56.321,1239.054,335.091,701.309
0,1.8,3.382,130.810,4.151,157.002,51.255,83.873,55.957,1231.046,340.885,712.571
0,2.1,3.383,130.785,4.127,160.222,50.902,86.234,55.593,1223.036,346.756,723.997
0,2.4,3.383,130.761,4.104,163.517,50.553,88.598,55.229,1215.044,352.691,735.567
0,2.7,3.383,130.736,4.080,166.873,50.209,90.967,54.867,1207.071,358.690,747.266
0,3,3.383,130.711,4.056,170.325,49.868,93.348,54.506,1199.122,364.751,759.135
0,3.3,3.384,130.687,4.032,173.859,49.527,95.757,54.144,1191.168,370.896,771.199
0,3.6,3.384,130.662,4.007,177.480,49.187,98.193,53.783,1183.233,377.109,783.444
0,3.9,3.384,130.637,3.983,181.191,48.848,100.661,53.424,1175.335,383.376,795.865
0,4.2,3.384,130.612,3.958,184.993,48.507,103.173,53.066,1167.449,389.719,808.498
0,4.5,3.385,130.587,3.933,188.892,48.166,105.724,52.708,1159.580,396.133,821.337
0,4.8,3.385,130.563,3.909,192.891,47.826,108.298,52.352,1151.752,402.602,834.353
0,5.1,3.385,130.538,3.883,196.993,47.490,110.879,51.999,1143.978,409.113,847.523
0,5.4,3.385,130.513,3.858,201.203,47.160,113.452,51.649,1136.276,415.652,860.819
0,5.7,3.386,130.488,3.833,205.525,46.840,115.982,51.300,1128.590,422.266,874.260
0,6,3.386,130.463,3.807,209.964,46.521,118.538,50.950,1120.892,428.982,887.946
0.2,0,3.390,130.127,4.290,139.095,53.405,70.154,58.162,1279.573,306.888,646.264
0.2,0.3,3.390,130.101,4.267,141.915,53.051,72.336,57.801,1271.621,312.281,656.634
0.2,0.6,3.390,130.076,4.244,144.796,52.696,74.552,57.439,1263.652,317.754,667.178
0.2,0.9,3.390,130.051,4.221,147.741,52.341,76.802,57.076,1255.664,323.310,677.904
0.2,1.2,3.391,130.025,4.198,150.750,51.985,79.088,56.711,1247.652,328.953,688.817
0.2,1.5,3.391,129.999,4.175,153.828,51.629,81.401,56.348,1239.657,334.658,699.887
0.2,1.8,3.391,129.974,4.151,156.975,51.275,83.738,55.984,1231.658,340.439,711.126
0.2,2.1,3.391,129.948,4.128,160.194,50.924,86.086,55.621,1223.654,346.300,722.529
0.2,2.4,3.392,129.923,4.104,163.488,50.577,88.438,55.258,1215.680,352.216,734.065
0.2,2.7,3.392,129.897,4.080,166.859,50.234,90.794,54.897,1207.729,358.192,745.743
0.2,3,3.392,129.871,4.056,170.311,49.894,93.164,54.536,1199.796,364.233,757.580
0.2,3.3,3.393,129.846,4.032,173.846,49.555,95.562,54.175,1191.861,370.358,769.611
0.2,3.6,3.393,129.820,4.007,177.466,49.216,97.987,53.816,1183.947,376.547,781.819
0.2,3.9,3.393,129.794,3.983,181.176,48.877,100.447,53.458,1176.070,382.790,794.207
0.2,4.2,3.393,129.768,3.958,184.978,48.537,102.949,53.100,1168.204,389.108,806.803
0.2,4.5,3.394,129.743,3.934,188.877,48.197,105.488,52.743,1160.354,395.499,819.606
0.2,4.8,3.394,129.717,3.909,192.875,47.859,108.043,52.388,1152.541,401.946,832.580
0.2,5.1,3.394,129.691,3.884,196.977,47.526,110.604,52.036,1144.802,408.419,845.690
0.2,5.4,3.395,129.665,3.858,201.186,47.198,113.153,51.688,1137.132,414.921,858.925
0.2,5.7,3.395,129.639,3.833,205.508,46.880,115.670,51.338,1129.444,421.527,872.343
0.2,6,3.395,129.613,3.807,209.946,46.562,118.213,50.989,1121.747,428.231,886.003
0.4,0,3.399,129.263,4.290,139.081,53.423,70.047,58.189,1280.151,306.499,644.889
0.4,0.3,3.399,129.237,4.267,141.900,53.069,72.223,57.828,1272.212,311.878,655.238
0.4,0.6,3.399,129.210,4.244,144.781,52.715,74.434,57.466,1264.255,317.338,665.763
0.4,0.9,3.400,129.184,4.221,147.725,52.360,76.679,57.104,1256.280,322.879,676.467
0.4,1.2,3.400,129.157,4.198,150.735,52.005,78.958,56.740,1248.280,328.508,687.359
0.4,1.5,3.400,129.131,4.175,153.812,51.650,81.266,56.377,1240.305,334.193,698.401
0.4,1.8,3.401,129.104,4.151,156.958,51.297,83.593,56.014,1232.312,339.964,709.620
0.4,2.1,3.401,129.077,4.128,160.177,50.947,85.929,55.651,1224.325,345.806,720.990
0.4,2.4,3.401,129.051,4.104,163.471,50.602,88.268,55.290,1216.373,351.699,732.489
0.4,2.7,3.401,129.024,4.080,166.842,50.261,90.611,54.929,1208.443,357.653,744.130
0.4,3,3.402,128.997,4.056,170.293,49.922,92.969,54.569,1200.522,363.677,755.937
0.4,3.3,3.402,128.970,4.032,173.827,49.583,95.357,54.209,1192.607,369.778,767.932
0.4,3.6,3.402,128.944,4.008,177.447,49.246,97.771,53.851,1184.713,375.944,780.106
0.4,3.9,3.403,128.917,3.983,181.157,48.908,100.223,53.493,1176.854,382.164,792.461
0.4,4.2,3.403,128.890,3.958,184.959,48.569,102.715,53.136,1169.002,388.463,805.026
0.4,4.5,3.403,128.863,3.934,188.857,48.230,105.241,52.781,1161.174,394.827,817.787
0.4,4.8,3.403,128.836,3.909,192.854,47.894,107.776,52.427,1153.393,401.239,830.705
0.4,5.1,3.404,128.809,3.884,196.956,47.563,110.316,52.077,1145.686,407.675,843.755
0.4,5.4,3.404,128.782,3.858,201.165,47.238,112.841,51.729,1138.037,414.149,856.937
0.4,5.7,3.404,128.755,3.833,205.486,46.920,115.344,51.379,1130.349,420.745,870.329
0.4,6,3.405,128.728,3.807,209.923,46.604,117.875,51.030,1122.651,427.439,883.965
0.6,0,3.409,128.363,4.290,139.063,53.442,69.930,58.217,1280.779,306.076,643.433
0.6,0.3,3.409,128.336,4.268,141.883,53.089,72.101,57.857,1272.854,311.441,653.760
0.6,0.6,3.409,128.308,4.245,144.763,52.735,74.307,57.496,1264.907,316.888,664.266
0.6,0.9,3.409,128.280,4.221,147.707,52.381,76.547,57.134,1256.938,322.419,674.953
0.6,1.2,3.410,128.253,4.198,150.716,52.026,78.821,56.771,1248.962,328.026,685.815
0.6,1.5,3.410,128.225,4.175,153.792,51.672,81.121,56.409,1240.999,333.695,696.833
0.6,1.8,3.410,128.197,4.151,156.939,51.320,83.438,56.046,1233.010,339.457,708.030
0.6,2.1,3.411,128.169,4.128,160.157,50.972,85.762,55.684,1225.053,345.270,719.359
0.6,2.4,3.411,128.141,4.104,163.450,50.628,88.087,55.324,1217.121,351.141,730.820
0.6,2.7,3.411,128.113,4.080,166.821,50.289,90.416,54.964,1209.204,357.078,742.428
0.6,3,3.412,128.085,4.056,170.271,49.951,92.764,54.605,1201.306,363.078,754.199
0.6,3.3,3.412,128.058,4.032,173.805,49.614,95.141,54.246,1193.405,369.159,766.163
0.6,3.6,3.412,128.029,4.008,177.424,49.277,97.546,53.888,1185.534,375.299,778.299
0.6,3.9,3.412,128.001,3.983,181.133,48.940,99.989,53.531,1177.686,381.502,790.625
0.6,4.2,3.413,127.973,3.959,184.934,48.602,102.469,53.175,1169.856,387.774,803.151
0.6,4.5,3.413,127.945,3.934,188.832,48.265,104.979,52.820,1162.050,394.111,815.866
0.6,4.8,3.413,127.917,3.909,192.829,47.931,107.496,52.469,1154.313,400.476,828.718
0.6,5.1,3.414,127.889,3.884,196.929,47.602,110.013,52.120,1146.640,406.873,841.705
0.6,5.4,3.414,127.861,3.859,201.138,47.280,112.516,51.773,1139.002,413.327,854.841
0.6,5.7,3.414,127.832,3.833,205.458,46.963,115.004,51.424,1131.319,419.907,868.201
0.6,6,3.415,127.804,3.808,209.895,46.648,117.522,51.074,1123.623,426.588,881.810
0.8,0,3.419,127.423,4.291,139.042,53.462,69.805,58.248,1281.458,305.619,641.889
0.8,0.3,3.419,127.394,4.268,141.861,53.110,71.970,57.889,1273.549,310.968,652.193
0.8,0.6,3.419,127.365,4.245,144.741,52.757,74.171,57.528,1265.615,316.399,662.676
0.8,0.9,3.420,127.336,4.222,147.685,52.403,76.406,57.166,1257.654,321.919,673.346
0.8,1.2,3.420,127.307,4.198,150.693,52.049,78.673,56.804,1249.692,327.510,684.183
0.8,1.5,3.420,127.278,4.175,153.769,51.696,80.965,56.443,1241.739,333.165,695.177
0.8,1.8,3.421,127.249,4.152,156.915,51.345,83.271,56.081,1233.782,338.897,706.332
0.8,2.1,3.421,127.220,4.128,160.133,50.999,85.583,55.720,1225.843,344.690,717.626
0.8,2.4,3.421,127.191,4.104,163.425,50.656,87.896,55.360,1217.929,350.540,729.052
0.8,2.7,3.422,127.162,4.080,166.795,50.319,90.211,55.002,1210.035,356.451,740.618
0.8,3,3.422,127.132,4.056,170.245,49.982,92.549,54.644,1202.159,362.426,752.352
0.8,3.3,3.422,127.103,4.032,173.778,49.646,94.915,54.285,1194.267,368.492,764.288
0.8,3.6,3.423,127.074,4.008,177.397,49.310,97.309,53.927,1186.402,374.618,776.398
0.8,3.9,3.423,127.044,3.983,181.105,48.974,99.742,53.572,1178.582,380.790,788.681
0.8,4.2,3.423,127.015,3.959,184.906,48.637,102.213,53.217,1170.774,387.034,801.167
0.8,4.5,3.424,126.985,3.934,188.802,48.301,104.704,52.864,1163.001,393.334,813.826
0.8,4.8,3.424,126.956,3.909,192.799,47.970,107.203,52.513,1155.289,399.668,826.626
0.8,5.1,3.424,126.926,3.884,196.899,47.644,109.696,52.166,1147.647,406.029,839.550
0.8,5.4,3.425,126.897,3.859,201.106,47.323,112.177,51.819,1140.020,412.462,852.642
0.8,5.7,3.425,126.867,3.833,205.425,47.008,114.650,51.471,1132.360,419.010,865.953
0.8,6,3.425,126.838,3.808,209.861,46.693,117.154,51.121,1124.655,425.688,879.541
1,0,3.430,126.438,4.291,139.018,53.484,69.669,58.282,1282.196,305.124,640.249
1,0.3,3.430,126.408,4.268,141.837,53.133,71.830,57.923,1274.302,310.455,650.530
1,0.6,3.430,126.377,4.245,144.716,52.780,74.025,57.562,1266.371,315.879,660.998
1,0.9,3.431,126.347,4.222,147.659,52.427,76.255,57.201,1258.425,321.382,671.643
1,1.2,3.431,126.316,4.199,150.667,52.073,78.516,56.841,1250.496,326.942,682.441
1,1.5,3.431,126.286,4.175,153.742,51.721,80.800,56.480,1242.559,332.579,693.407
1,1.8,3.432,126.256,4.152,156.887,51.372,83.094,56.119,1234.614,338.294,704.531
1,2.1,3.432,126.225,4.128,160.105,51.027,85.394,55.759,1226.701,344.060,715.784
1,2.4,3.432,126.194,4.104,163.397,50.686,87.692,55.400,1218.807,349.887,727.170
1,2.7,3.433,126.164,4.081,166.766,50.350,89.994,55.043,1210.935,355.773,738.696
1,3,3.433,126.133,4.057,170.215,50.014,92.322,54.685,1203.073,361.728,750.398
1,3.3,3.433,126.102,4.032,173.747,49.679,94.676,54.327,1195.192,367.777,762.303
1,3.6,3.434,126.071,4.008,177.366,49.345,97.061,53.970,1187.348,373.877,774.375
1,3.9,3.434,126.041,3.984,181.073,49.009,99.485,53.615,1179.541,380.028,786.627
1,4.2,3.434,126.010,3.959,184.873,48.673,101.946,53.261,1171.746,386.253,799.081
1,4.5,3.435,125.979,3.934,188.768,48.340,104.417,52.909,1163.999,392.520,811.685
1,4.8,3.435,125.948,3.909,192.764,48.010,106.898,52.560,1156.329,398.809,824.419
1,5.1,3.435,125.917,3.884,196.863,47.686,109.366,52.215,1148.724,405.128,837.274
1,5.4,3.436,125.886,3.859,201.069,47.369,111.822,51.869,1141.115,411.533,850.310
1,5.7,3.436,125.855,3.834,205.388,47.055,114.279,51.521,1133.462,418.063,863.584
1,6,3.436,125.823,3.808,209.823,46.742,116.768,51.171,1125.761,424.723,877.137
1.2,0,3.441,125.403,4.291,138.991,53.508,69.524,58.319,1283.010,304.578,638.496
1.2,0.3,3.441,125.371,4.268,141.809,53.157,71.680,57.960,1275.115,309.903,648.763
1.2,0.6,3.442,125.339,4.245,144.688,52.805,73.870,57.600,1267.204,315.306,659.203
1.2,0.9,3.442,125.307,4.222,147.630,52.452,76.094,57.240,1259.279,320.787,669.818
1.2,1.2,3.442,125.275,4.199,150.637,52.100,78.348,56.880,1251.369,326.326,680.586
1.2,1.5,3.443,125.243,4.175,153.712,51.748,80.623,56.521,1243.454,331.940,691.518
1.2,1.8,3.443,125.211,4.152,156.856,51.400,82.907,56.160,1235.527,337.634,702.608
1.2,2.1,3.443,125.179,4.128,160.073,51.057,85.193,55.801,1227.631,343.379,713.823
1.2,2.4,3.444,125.147,4.105,163.364,50.718,87.477,55.443,1219.753,349.185,725.172
1.2,2.7,3.444,125.114,4.081,166.732,50.383,89.766,55.086,1211.902,355.046,736.659
1.2,3,3.444,125.082,4.057,170.181,50.048,92.085,54.730,1204.051,360.983,748.331
1.2,3.3,3.445,125.050,4.033,173.712,49.714,94.428,54.372,1196.190,367.006,760.196
1.2,3.6,3.445,125.017,4.008,177.330,49.380,96.804,54.016,1188.349,373.094,772.245
1.2,3.9,3.446,124.985,3.984,181.036,49.046,99.218,53.662,1180.556,379.224,784.463
1.2,4.2,3.446,124.952,3.959,184.835,48.711,101.663,53.309,1172.799,385.406,796.856
1.2,4.5,3.446,124.920,3.934,188.730,48.380,104.116,52.958,1165.077,391.643,809.409
1.2,4.8,3.447,124.887,3.910,192.724,48.053,106.576,52.610,1157.430,397.901,822.088
1.2,5.1,3.447,124.854,3.884,196.822,47.732,109.020,52.266,1149.859,404.179,834.876
1.2,5.4,3.447,124.821,3.859,201.027,47.417,111.451,51.921,1142.257,410.567,847.866
1.2,5.7,3.448,124.789,3.834,205.345,47.104,113.893,51.573,1134.615,417.074,861.100
1.2,6,3.448,124.756,3.808,209.779,46.792,116.365,51.224,1126.935,423.702,874.601
1.4,0,3.453,124.312,4.291,138.960,53.533,69.370,58.359,1283.889,303.989,636.632
1.4,0.3,3.453,124.279,4.268,141.777,53.183,71.520,58.000,1276.004,309.300,646.876
1.4,0.6,3.454,124.245,4.245,144.656,52.831,73.705,57.641,1268.106,314.686,657.292
1.4,0.9,3.454,124.211,4.222,147.597,52.479,75.923,57.282,1260.207,320.141,667.872
1.4,1.2,3.454,124.177,4.199,150.604,52.127,78.169,56.923,1252.314,325.661,678.611
1.4,1.5,3.455,124.143,4.176,153.678,51.777,80.435,56.564,1244.406,331.261,689.517
1.4,1.8,3.455,124.109,4.152,156.821,51.430,82.709,56.205,1236.499,336.932,700.571
1.4,2.1,3.456,124.075,4.129,160.037,51.088,84.982,55.846,1228.616,342.658,711.752
1.4,2.4,3.456,124.041,4.105,163.327,50.752,87.250,55.489,1220.757,348.440,723.058
1.4,2.7,3.456,124.007,4.081,166.695,50.418,89.529,55.133,1212.932,354.273,734.504
1.4,3,3.457,123.973,4.057,170.143,50.084,91.835,54.777,1205.093,360.191,746.142
1.4,3.3,3.457,123.939,4.033,173.673,49.751,94.167,54.420,1197.236,366.200,757.979
1.4,3.6,3.458,123.904,4.009,177.289,49.418,96.533,54.065,1189.424,372.255,769.982
1.4,3.9,3.458,123.870,3.984,180.995,49.084,98.937,53.711,1181.643,378.364,782.166
1.4,4.2,3.458,123.835,3.960,184.793,48.752,101.365,53.359,1173.904,384.521,794.514
1.4,4.5,3.459,123.801,3.935,188.686,48.422,103.801,53.010,1166.220,390.715,807.003
1.4,4.8,3.459,123.766,3.910,192.680,48.097,106.239,52.664,1158.614,396.927,819.612
1.4,5.1,3.459,123.732,3.885,196.776,47.779,108.658,52.321,1151.058,403.179,832.346
1.4,5.4,3.460,123.697,3.860,200.981,47.466,111.066,51.976,1143.475,409.537,845.281
1.4,5.7,3.460,123.662,3.834,205.297,47.155,113.493,51.630,1135.850,416.016,858.468
1.4,6,3.461,123.628,3.809,209.729,46.845,115.947,51.281,1128.180,422.622,871.925
1.6,0,3.466,123.157,4.291,138.926,53.560,69.210,58.401,1284.819,303.366,634.660
1.6,0.3,3.466,123.122,4.269,141.743,53.210,71.351,58.043,1276.956,308.656,644.872
1.6,0.6,3.467,123.086,4.246,144.620,52.859,73.529,57.686,1269.083,314.017,655.252
1.6,0.9,3.467,123.050,4.223,147.561,52.508,75.742,57.328,1261.210,319.445,665.798
1.6,1.2,3.467,123.014,4.199,150.567,52.157,77.981,56.970,1253.330,324.946,676.508
1.6,1.5,3.468,122.978,4.176,153.640,51.808,80.236,56.610,1245.428,330.533,687.387
1.6,1.8,3.468,122.942,4.153,156.783,51.462,82.497,56.252,1237.545,336.177,698.399
1.6,2.1,3.469,122.906,4.129,159.998,51.122,84.756,55.895,1229.681,341.880,709.539
1.6,2.4,3.469,122.870,4.105,163.287,50.787,87.008,55.538,1221.845,347.635,720.800
1.6,2.7,3.469,122.833,4.081,166.654,50.454,89.277,55.184,1214.041,353.441,732.205
1.6,3,3.470,122.797,4.057,170.100,50.122,91.572,54.828,1206.212,359.341,743.810
1.6,3.3,3.470,122.761,4.033,173.630,49.790,93.893,54.471,1198.368,365.330,755.613
1.6,3.6,3.471,122.724,4.009,177.245,49.458,96.250,54.116,1190.554,371.374,767.594
1.6,3.9,3.471,122.688,3.984,180.949,49.125,98.643,53.764,1182.806,377.446,779.726
1.6,4.2,3.472,122.651,3.960,184.746,48.794,101.052,53.413,1175.090,383.572,792.021
1.6,4.5,3.472,122.614,3.935,188.639,48.467,103.471,53.065,1167.440,389.726,804.450
1.6,4.8,3.472,122.578,3.910,192.631,48.144,105.885,52.721,1159.866,395.899,816.992
1.6,5.1,3.473,122.541,3.885,196.726,47.828,108.279,52.379,1152.335,402.117,829.663
1.6,5.4,3.473,122.504,3.860,200.929,47.518,110.666,52.035,1144.771,408.445,842.543
1.6,5.7,3.474,122.467,3.834,205.244,47.208,113.078,51.689,1137.162,414.895,855.684
1.6,6,3.474,122.430,3.809,209.675,46.899,115.514,51.341,1129.499,421.479,869.098
1.8,0,3.480,121.929,4.292,138.889,53.587,69.042,58.446,1285.823,302.696,632.557
1.8,0.3,3.480,121.891,4.269,141.705,53.238,71.177,58.090,1277.983,307.961,642.734
1.8,0.6,3.481,121.853,4.246,144.582,52.889,73.346,57.733,1270.118,313.308,653.088
1.8,0.9,3.481,121.814,4.223,147.521,52.538,75.548,57.376,1262.267,318.712,663.596
1.8,1.2,3.481,121.776,4.200,150.526,52.188,77.779,57.018,1254.405,324.192,674.274
1.8,1.5,3.482,121.738,4.176,153.598,51.840,80.024,56.660,1246.523,329.755,685.114
1.8,1.8,3.482,121.699,4.153,156.740,51.496,82.273,56.303,1238.662,335.374,696.086
1.8,2.1,3.483,121.660,4.129,159.954,51.158,84.517,55.946,1230.821,341.049,707.180
1.8,2.4,3.483,121.622,4.106,163.243,50.825,86.753,55.592,1223.016,346.771,718.388
1.8,2.7,3.484,121.583,4.082,166.608,50.493,89.012,55.238,1215.234,352.549,729.752
1.8,3,3.484,121.544,4.058,170.054,50.162,91.295,54.882,1207.413,358.431,741.325
1.8,3.3,3.484,121.505,4.033,173.582,49.831,93.606,54.526,1199.581,364.399,753.092
1.8,3.6,3.485,121.466,4.009,177.196,49.499,95.954,54.172,1191.779,370.421,765.037
1.8,3.9,3.485,121.427,3.985,180.899,49.168,98.334,53.820,1184.049,376.466,777.127
1.8,4.2,3.486,121.388,3.960,184.695,48.839,100.724,53.471,1176.366,382.554,789.361
1.8,4.5,3.486,121.349,3.935,188.586,48.513,103.125,53.125,1168.743,388.672,801.733
1.8,4.8,3.487,121.310,3.910,192.577,48.193,105.515,52.783,1161.218,394.791,814.193
1.8,5.1,3.487,121.270,3.885,196.671,47.880,107.884,52.441,1153.695,400.988,826.813
1.8,5.4,3.488,121.231,3.860,200.872,47.571,110.252,52.098,1146.146,407.288,839.643
1.8,5.7,3.488,121.191,3.835,205.186,47.263,112.647,51.752,1138.545,413.717,852.741
1.8,6,3.488,121.152,3.809,209.615,46.955,115.067,51.404,1130.896,420.272,866.106
2,0,3.495,120.615,4.292,138.849,53.616,68.869,58.495,1286.899,301.978,630.311
2,0.3,3.495,120.574,4.269,141.664,53.268,70.995,58.140,1279.076,307.223,640.456
2,0.6,3.495,120.533,4.246,144.540,52.919,73.156,57.783,1271.234,312.546,650.773
2,0.9,3.496,120.492,4.223,147.478,52.570,75.347,57.428,1263.406,317.925,661.241
2,1.2,3.496,120.450,4.200,150.482,52.221,77.566,57.071,1255.559,323.383,671.882
2,1.5,3.497,120.409,4.177,153.553,51.875,79.798,56.713,1247.697,328.922,682.682
2,1.8,3.497,120.368,4.153,156.694,51.533,82.034,56.357,1239.852,334.518,693.615
2,2.1,3.498,120.326,4.130,159.907,51.196,84.262,56.002,1232.038,340.163,704.659
2,2.4,3.498,120.285,4.106,163.195,50.865,86.485,55.648,1224.262,345.853,715.817
2,2.7,3.499,120.243,4.082,166.559,50.534,88.732,55.295,1216.487,351.613,727.148
2,3,3.499,120.201,4.058,170.003,50.204,91.004,54.940,1208.689,357.467,738.675
2,3.3,3.500,120.159,4.034,173.530,49.874,93.305,54.585,1200.864,363.415,750.410
2,3.6,3.500,120.117,4.010,177.143,49.543,95.642,54.231,1193.088,369.405,762.308
2,3.9,3.501,120.075,3.985,180.845,49.213,98.007,53.881,1185.382,375.418,774.346
2,4.2,3.501,120.033,3.960,184.639,48.886,100.380,53.533,1177.723,381.473,786.526
2,4.5,3.502,119.991,3.936,188.529,48.562,102.761,53.188,1170.136,387.548,798.829
2,4.8,3.502,119.949,3.911,192.518,48.245,105.124,52.848,1162.653,393.618,811.209
2,5.1,3.503,119.906,3.886,196.611,47.935,107.468,52.507,1155.154,399.780,823.765
2,5.4,3.503,119.864,3.861,200.811,47.627,109.820,52.164,1147.613,406.057,836.552
2,5.7,3.504,119.821,3.835,205.122,47.321,112.198,51.820,1140.034,412.451,849.592
2,6,3.504,119.778,3.810,209.550,47.014,114.603,51.473,1132.396,418.979,862.911
2.2,0,3.511,119.206,4.292,138.805,53.645,68.689,58.547,1288.033,301.223,627.924
2.2,0.3,3.511,119.163,4.270,141.619,53.299,70.806,58.192,1280.231,306.445,638.033
2.2,0.6,3.512,119.121,4.247,144.494,52.951,72.956,57.838,1272.427,311.732,648.303
2.2,0.9,3.512,119.078,4.224,147.432,52.603,75.138,57.483,1264.625,317.082,658.730
2.2,1.2,3.513,119.035,4.200,150.435,52.256,77.344,57.127,1256.791,322.522,669.335
2.2,1.5,3.513,118.992,4.177,153.505,51.912,79.561,56.770,1248.949,328.035,680.093
2.2,1.8,3.514,118.950,4.154,156.645,51.571,81.781,56.415,1241.131,333.601,690.975
2.2,2.1,3.514,118.907,4.130,159.856,51.237,83.990,56.061,1233.345,339.214,701.967
2.2,2.4,3.515,118.864,4.106,163.142,50.907,86.200,55.709,1225.592,344.874,713.080
2.2,2.7,3.515,118.821,4.082,166.506,50.577,88.436,55.356,1217.832,350.612,724.375
2.2,3,3.516,118.779,4.058,169.949,50.248,90.696,55.002,1210.049,356.440,735.863
2.2,3.3,3.516,118.736,4.034,173.475,49.919,92.987,54.647,1202.239,362.365,747.563
2.2,3.6,3.517,118.693,4.010,177.086,49.589,95.314,54.295,1194.480,368.327,759.420
2.2,3.9,3.517,118.651,3.985,180.787,49.261,97.661,53.945,1186.801,374.305,771.403
2.2,4.2,3.518,118.608,3.961,184.579,48.936,100.018,53.599,1179.172,380.321,783.526
2.2,4.5,3.518,118.565,3.936,188.467,48.614,102.377,53.256,1171.624,386.350,795.760
2.2,4.8,3.519,118.523,3.911,192.455,48.300,104.715,52.917,1164.163,392.387,808.079
2.2,5.1,3.519,118.480,3.886,196.546,47.992,107.036,52.577,1156.690,398.511,820.573
2.2,5.4,3.520,118.438,3.861,200.744,47.686,109.373,52.235,1149.171,404.754,833.308
2.2,5.7,3.520,118.395,3.836,205.054,47.380,111.732,51.891,1141.602,411.121,846.301
2.2,6,3.520,118.352,3.810,209.480,47.075,114.124,51.545,1133.983,417.616,859.572
2.4,0,3.527,117.786,4.293,138.759,53.676,68.501,58.602,1289.241,300.421,625.466
2.4,0.3,3.528,117.744,4.270,141.571,53.331,70.610,58.249,1281.468,305.613,635.538
2.4,0.6,3.528,117.701,4.247,144.445,52.984,72.751,57.895,1273.695,310.868,645.766
2.4,0.9,3.529,117.659,4.224,147.382,52.637,74.923,57.542,1265.918,316.191,656.154
2.4,1.2,3.529,117.617,4.201,150.384,52.292,77.115,57.187,1258.111,321.600,666.715
2.4,1.5,3.529,117.574,4.177,153.453,51.949,79.317,56.832,1250.297,327.082,677.426
2.4,1.8,3.530,117.532,4.154,156.591,51.611,81.519,56.478,1242.509,332.615,688.257
2.4,2.1,3.530,117.490,4.130,159.802,51.280,83.707,56.125,1234.748,338.198,699.196
2.4,2.4,3.531,117.447,4.107,163.087,50.951,85.905,55.774,1227.018,343.827,710.267
2.4,2.7,3.531,117.405,4.083,166.449,50.622,88.129,55.421,1219.271,349.542,721.525
2.4,3,3.532,117.363,4.059,169.890,50.295,90.375,55.068,1211.502,355.347,732.975
2.4,3.3,3.532,117.321,4.035,173.415,49.967,92.656,54.714,1203.715,361.239,744.630
2.4,3.6,3.533,117.278,4.010,177.025,49.638,94.971,54.362,1195.963,367.181,756.456
2.4,3.9,3.533,117.236,3.986,180.724,49.312,97.297,54.014,1188.316,373.119,768.377
2.4,4.2,3.534,117.194,3.961,184.515,48.988,99.637,53.669,1180.715,379.098,780.443
2.4,4.5,3.534,117.152,3.937,188.401,48.669,101.972,53.328,1173.210,385.077,792.602
2.4,4.8,3.535,117.110,3.912,192.387,48.358,104.284,52.990,1165.782,391.070,804.851
2.4,5.1,3.535,117.067,3.887,196.476,48.052,106.583,52.651,1158.327,397.163,817.290
2.4,5.4,3.536,117.025,3.861,200.673,47.747,108.903,52.310,1150.825,403.374,829.975
2.4,5.7,3.536,116.983,3.836,204.981,47.443,111.244,51.967,1143.280,409.702,842.909
2.4,6,3.537,116.941,3.810,209.405,47.138,113.626,51.621,1135.666,416.173,856.145
2.6,0,3.543,116.381,4.293,138.709,53.708,68.308,58.659,1290.509,299.580,622.977
2.6,0.3,3.544,116.339,4.270,141.520,53.363,70.408,58.307,1282.763,304.744,633.011
2.6,0.6,3.544,116.297,4.247,144.393,53.018,72.539,57.956,1275.041,309.954,643.183
2.6,0.9,3.545,116.255,4.224,147.328,52.673,74.701,57.604,1267.288,315.249,653.532
2.6,1.2,3.545,116.213,4.201,150.329,52.329,76.878,57.250,1259.501,320.632,664.052
2.6,1.5,3.546,116.171,4.178,153.397,51.988,79.065,56.897,1251.729,326.072,674.705
2.6,1.8,3.546,116.129,4.154,156.534,51.652,81.249,56.544,1243.976,331.568,685.479
2.6,2.1,3.547,116.087,4.131,159.743,51.323,83.418,56.193,1236.257,337.107,696.355
2.6,2.4,3.547,116.045,4.107,163.027,50.996,85.604,55.843,1228.553,342.704,707.380
2.6,2.7,3.548,116.004,4.083,166.387,50.668,87.814,55.492,1220.824,348.391,718.596
2.6,3,3.548,115.962,4.059,169.828,50.342,90.049,55.140,1213.080,354.161,729.999
2.6,3.3,3.549,115.920,4.035,173.351,50.015,92.318,54.787,1205.304,360.031,741.619
2.6,3.6,3.549,115.878,4.011,176.959,49.688,94.618,54.435,1197.569,365.945,753.399
2.6,3.9,3.550,115.836,3.986,180.656,49.364,96.924,54.089,1189.949,371.845,765.261
2.6,4.2,3.550,115.795,3.962,184.446,49.042,99.243,53.745,1182.382,377.781,777.264
2.6,4.5,3.551,115.753,3.937,188.331,48.726,101.552,53.405,1174.920,383.708,789.343
2.6,4.8,3.551,115.711,3.912,192.315,48.418,103.833,53.069,1167.528,389.655,801.514
2.6,5.1,3.552,115.669,3.887,196.402,48.114,106.112,52.731,1160.082,395.722,813.905
2.6,5.4,3.552,115.628,3.862,200.596,47.811,108.412,52.391,1152.600,401.897,826.533
2.6,5.7,3.553,115.586,3.836,204.902,47.509,110.734,52.048,1145.056,408.205,839.427
2.6,6,3.553,115.544,3.811,209.324,47.204,113.106,51.703,1137.471,414.631,852.605
2.8,0,3.560,114.990,4.294,138.655,53.741,68.109,58.719,1291.820,298.712,620.465
2.8,0.3,3.560,114.948,4.271,141.466,53.397,70.201,58.369,1284.116,303.837,630.452
2.8,0.6,3.561,114.907,4.248,144.337,53.053,72.322,58.019,1276.422,309.017,640.583
2.8,0.9,3.561,114.865,4.225,147.272,52.709,74.471,57.668,1268.698,314.281,650.889
2.8,1.2,3.562,114.824,4.202,150.271,52.367,76.635,57.316,1260.955,319.622,661.351
2.8,1.5,3.562,114.782,4.178,153.337,52.028,78.806,56.964,1253.214,325.028,671.954
2.8,1.8,3.563,114.741,4.155,156.473,51.695,80.970,56.613,1245.494,330.486,682.670
2.8,2.1,3.563,114.699,4.131,159.681,51.368,83.122,56.265,1237.829,335.973,693.476
2.8,2.4,3.564,114.658,4.108,162.963,51.041,85.296,55.917,1230.163,341.528,704.446
2.8,2.7,3.564,114.617,4.084,166.322,50.716,87.494,55.567,1222.474,347.171,715.603
2.8,3,3.565,114.575,4.060,169.761,50.390,89.717,55.216,1214.756,352.907,726.960
2.8,3.3,3.565,114.534,4.036,173.282,50.064,91.974,54.864,1207.002,358.742,738.532
2.8,3.6,3.566,114.492,4.011,176.889,49.739,94.254,54.514,1199.304,364.611,750.247
2.8,3.9,3.566,114.451,3.987,180.585,49.417,96.543,54.169,1191.716,370.470,762.048
2.8,4.2,3.567,114.410,3.962,184.372,49.098,98.841,53.827,1184.184,376.360,773.983
2.8,4.5,3.567,114.368,3.937,188.255,48.785,101.121,53.490,1176.784,382.221,785.966
2.8,4.8,3.568,114.327,3.913,192.238,48.480,103.373,53.155,1169.405,388.138,798.076
2.8,5.1,3.568,114.286,3.888,196.323,48.178,105.633,52.818,1161.987,394.162,810.404
2.8,5.4,3.569,114.245,3.862,200.515,47.877,107.911,52.478,1154.515,400.309,822.979
2.8,5.7,3.569,114.203,3.837,204.819,47.576,110.214,52.137,1147.006,406.566,835.802
2.8,6,3.570,114.162,3.811,209.238,47.273,112.570,51.792,1139.430,412.963,848.934
3,0,3.576,113.613,4.294,138.599,53.775,67.904,58.780,1293.164,297.824,617.940
3,0.3,3.577,113.572,4.271,141.408,53.432,69.986,58.432,1285.503,302.910,627.876
3,0.6,3.577,113.531,4.248,144.278,53.090,72.097,58.084,1277.843,308.056,637.963
3,0.9,3.578,113.490,4.225,147.211,52.747,74.234,57.734,1270.151,313.285,648.221
3,1.2,3.578,113.449,4.202,150.209,52.407,76.384,57.383,1262.430,318.600,658.642
3,1.5,3.579,113.408,4.179,153.274,52.070,78.539,57.033,1254.728,323.966,669.187
3,1.8,3.579,113.367,4.155,156.409,51.739,80.683,56.685,1247.063,329.371,679.831
3,2.1,3.580,113.326,4.132,159.615,51.413,82.820,56.338,1239.438,334.815,690.577
3,2.4,3.580,113.285,4.108,162.896,51.088,84.982,55.991,1231.800,340.337,701.500
3,2.7,3.580,113.244,4.084,166.253,50.764,87.166,55.643,1224.155,345.931,712.595
3,3,3.581,113.203,4.060,169.690,50.440,89.378,55.294,1216.471,351.626,723.898
3,3.3,3.581,113.162,4.036,173.210,50.115,91.624,54.944,1208.765,357.409,735.405
3,3.6,3.582,113.122,4.012,176.815,49.792,93.883,54.597,1201.144,363.201,747.021
3,3.9,3.582,113.081,3.987,180.509,49.471,96.155,54.254,1193.590,369.016,758.760
3,4.2,3.583,113.040,3.963,184.294,49.155,98.429,53.914,1186.112,374.845,770.609
3,4.5,3.583,112.999,3.938,188.176,48.845,100.680,53.580,1178.767,380.643,782.497
3,4.8,3.584,112.958,3.913,192.156,48.543,102.906,53.246,1171.412,386.521,794.541
3,5.1,3.584,112.917,3.888,196.239,48.242,105.146,52.909,1164.006,392.515,806.817
3,5.4,3.585,112.876,3.863,200.429,47.944,107.400,52.571,1156.557,398.621,819.326
3,5.7,3.585,112.835,3.837,204.730,47.645,109.687,52.230,1149.069,404.839,832.092
3,6,3.586,112.795,3.812,209.147,47.342,112.028,51.887,1141.519,411.191,845.162
3.2,0,3.592,112.252,4.295,138.539,53.810,67.692,58.843,1294.545,296.913,615.397
3.2,0.3,3.593,112.211,4.272,141.347,53.469,69.765,58.497,1286.925,301.961,625.284
3.2,0.6,3.593,112.171,4.249,144.216,53.127,71.867,58.149,1279.286,307.081,635.335
3.2,0.9,3.594,112.130,4.226,147.148,52.786,73.991,57.801,1271.626,312.278,645.546
3.2,1.2,3.594,112.089,4.203,150.144,52.447,76.126,57.452,1263.944,317.552,655.912
3.2,1.5,3.595,112.049,4.179,153.208,52.112,78.265,57.104,1256.284,322.876,666.397
3.2,1.8,3.595,112.008,4.156,156.341,51.784,80.388,56.758,1248.666,328.235,676.972
3.2,2.1,3.596,111.968,4.132,159.546,51.460,82.513,56.413,1241.082,333.636,687.662
3.2,2.4,3.596,111.927,4.109,162.825,51.136,84.662,56.067,1233.485,339.113,698.527
3.2,2.7,3.597,111.887,4.085,166.180,50.813,86.833,55.721,1225.872,344.669,709.569
3.2,3,3.597,111.846,4.061,169.616,50.490,89.034,55.374,1218.220,350.323,720.819
3.2,3.3,3.598,111.806,4.037,173.134,50.166,91.266,55.026,1210.579,356.041,732.247
3.2,3.6,3.598,111.765,4.012,176.737,49.845,93.505,54.683,1203.021,361.768,743.775
3.2,3.9,3.599,111.725,3.988,180.429,49.527,95.759,54.342,1195.527,367.518,755.430
3.2,4.2,3.599,111.684,3.963,184.212,49.213,98.009,54.005,1188.121,373.272,767.177
3.2,4.5,3.600,111.644,3.939,188.091,48.907,100.229,53.674,1180.828,379.008,778.972
3.2,4.8,3.600,111.603,3.914,192.069,48.607,102.432,53.341,1173.495,384.848,790.954
3.2,5.1,3.601,111.563,3.889,196.150,48.309,104.650,53.006,1166.125,390.792,803.155
3.2,5.4,3.601,111.523,3.863,200.338,48.012,106.882,52.669,1158.718,396.842,815.584
3.2,5.7,3.602,111.482,3.838,204.637,47.714,109.155,52.330,1151.258,403.013,828.287
3.2,6,3.602,111.442,3.812,209.052,47.413,111.479,51.988,1143.735,409.318,841.291
3.4,0,3.609,110.905,4.295,138.476,53.846,67.475,58.907,1295.963,295.981,612.837
3.4,0.3,3.609,110.865,4.272,141.283,53.506,69.538,58.563,1288.380,300.993,622.679
3.4,0.6,3.610,110.825,4.249,144.150,53.165,71.630,58.217,1280.781,306.075,632.680
3.4,0.9,3.610,110.784,4.226,147.081,52.826,73.740,57.870,1273.134,311.250,642.855
3.4,1.2,3.611,110.744,4.203,150.076,52.489,75.861,57.522,1265.492,316.485,653.166
3.4,1.5,3.611,110.704,4.180,153.138,52.156,77.983,57.176,1257.873,321.766,663.591
3.4,1.8,3.612,110.664,4.156,156.269,51.831,80.085,56.832,1250.297,327.082,674.101
3.4,2.1,3.612,110.624,4.133,159.472,51.508,82.199,56.489,1242.752,332.441,684.736
3.4,2.4,3.613,110.584,4.109,162.750,51.185,84.336,56.146,1235.203,337.868,695.538
3.4,2.7,3.613,110.544,4.085,166.104,50.863,86.494,55.801,1227.613,343.392,706.533
3.4,3,3.614,110.504,4.061,169.537,50.541,88.685,55.454,1219.992,349.007,717.733
3.4,3.3,3.614,110.464,4.037,173.053,50.219,90.899,55.110,1212.428,354.651,729.066
3.4,3.6,3.614,110.424,4.013,176.654,49.900,93.120,54.770,1204.944,360.304,740.502
3.4,3.9,3.615,110.384,3.988,180.344,49.584,95.355,54.432,1197.502,365.996,752.079
3.4,4.2,3.615,110.344,3.964,184.126,49.273,97.578,54.099,1190.178,371.666,763.714
3.4,4.5,3.616,110.304,3.939,188.002,48.970,99.768,53.769,1182.916,377.359,775.433
3.4,4.8,3.616,110.264,3.914,191.978,48.672,101.951,53.437,1175.620,383.149,787.342
3.4,5.1,3.617,110.224,3.889,196.057,48.376,104.146,53.104,1168.282,389.045,799.471
3.4,5.4,3.617,110.184,3.864,200.242,48.081,106.358,52.768,1160.902,395.050,811.834
3.4,5.7,3.618,110.144,3.839,204.539,47.784,108.617,52.430,1153.467,401.177,824.476
3.4,6,3.618,110.104,3.813,208.950,47.485,110.922,52.090,1145.979,407.428,837.405
3.6,0,3.625,109.573,4.296,138.410,53.883,67.252,58.974,1297.426,295.021,610.256
3.6,0.3,3.625,109.533,4.273,141.215,53.544,69.306,58.631,1289.873,300.001,620.056
3.6,0.6,3.626,109.494,4.250,144.081,53.204,71.387,58.286,1282.293,305.058,630.020
3.6,0.9,3.626,109.454,4.227,147.010,52.867,73.483,57.940,1274.679,310.199,640.147
3.6,1.2,3.627,109.414,4.204,150.004,52.532,75.589,57.594,1267.075,315.395,650.402
3.6,1.5,3.627,109.374,4.180,153.064,52.201,77.693,57.250,1259.490,320.640,660.772
3.6,1.8,3.628,109.335,4.157,156.194,51.878,79.777,56.907,1251.961,325.909,671.216
3.6,2.1,3.628,109.295,4.133,159.395,51.556,81.879,56.566,1244.463,331.220,681.790
3.6,2.4,3.629,109.256,4.110,162.671,51.235,84.004,56.225,1236.946,336.609,692.540
3.6,2.7,3.629,109.216,4.086,166.023,50.914,86.151,55.881,1229.392,342.091,703.481
3.6,3,3.630,109.176,4.062,169.455,50.593,88.329,55.538,1221.830,347.646,714.606
3.6,3.3,3.630,109.137,4.038,172.969,50.273,90.523,55.197,1214.339,353.218,725.847
3.6,3.6,3.631,109.097,4.013,176.568,49.956,92.728,54.859,1206.901,358.819,737.212
3.6,3.9,3.631,109.058,3.989,180.255,49.642,94.943,54.524,1199.525,364.442,748.697
3.6,4.2,3.632,109.018,3.964,184.035,49.334,97.138,54.193,1192.250,370.056,760.247
3.6,4.5,3.632,108.979,3.940,187.909,49.035,99.299,53.865,1185.030,375.694,771.881
3.6,4.8,3.633,108.939,3.915,191.883,48.738,101.463,53.535,1177.759,381.444,783.728
3.6,5.1,3.633,108.900,3.890,195.959,48.445,103.633,53.203,1170.463,387.285,795.776
3.6,5.4,3.634,108.860,3.865,200.141,48.152,105.829,52.868,1163.106,393.248,808.079
3.6,5.7,3.634,108.821,3.839,204.435,47.855,108.073,52.532,1155.709,399.321,820.649
3.6,6,3.635,108.781,3.814,208.844,47.558,110.359,52.193,1148.248,405.526,833.510
3.8,0,3.641,108.256,4.296,138.341,53.921,67.024,59.041,1298.912,294.048,607.668
3.8,0.3,3.642,108.217,4.273,141.145,53.583,69.067,58.700,1291.396,298.992,617.421
3.8,0.6,3.642,108.178,4.251,144.009,53.245,71.137,58.356,1283.842,304.020,627.344
3.8,0.9,3.643,108.138,4.227,146.936,52.909,73.220,58.012,1276.268,309.122,637.417
3.8,1.2,3.643,108.099,4.204,149.928,52.576,75.312,57.668,1268.692,314.285,647.624
3.8,1.5,3.643,108.060,4.181,152.987,52.248,77.396,57.325,1261.149,319.488,657.931
3.8,1.8,3.644,108.021,4.158,156.115,51.927,79.464,56.985,1253.666,324.711,668.311
3.8,2.1,3.644,107.982,4.134,159.315,51.606,81.554,56.646,1246.211,329.976,678.827
3.8,2.4,3.645,107.942,4.110,162.588,51.286,83.666,56.305,1238.714,335.336,689.533
3.8,2.7,3.645,107.903,4.086,165.938,50.966,85.801,55.963,1231.191,340.780,700.422
3.8,3,3.646,107.864,4.062,169.368,50.646,87.967,55.623,1223.702,346.265,711.464
3.8,3.3,3.646,107.825,4.038,172.880,50.329,90.141,55.285,1216.272,351.774,722.619
3.8,3.6,3.647,107.786,4.014,176.477,50.013,92.330,54.950,1208.894,357.312,733.905
3.8,3.9,3.647,107.747,3.990,180.162,49.701,94.522,54.617,1201.567,362.878,745.309
3.8,4.2,3.648,107.708,3.965,183.939,49.397,96.689,54.289,1194.367,368.415,756.751
3.8,4.5,3.648,107.669,3.940,187.812,49.100,98.824,53.962,1187.165,374.020,768.323
3.8,4.8,3.649,107.630,3.915,191.782,48.806,100.966,53.634,1179.938,379.713,780.092
3.8,5.1,3.649,107.590,3.890,195.856,48.515,103.114,53.302,1172.654,385.523,792.083
3.8,5.4,3.650,107.551,3.865,200.036,48.223,105.295,52.970,1165.340,391.430,804.312
3.8,5.7,3.650,107.512,3.840,204.327,47.928,107.523,52.635,1157.969,397.458,816.820
3.8,6,3.651,107.473,3.814,208.733,47.631,109.789,52.297,1150.536,403.615,829.611
4,0,3.657,106.955,4.297,138.268,53.960,66.789,59.111,1300.441,293.049,605.061
4,0.3,3.658,106.916,4.274,141.071,53.623,68.823,58.770,1292.946,297.968,614.777
4,0.6,3.658,106.877,4.251,143.934,53.287,70.880,58.428,1285.420,302.965,624.656
4,0.9,3.659,106.838,4.228,146.859,52.952,72.951,58.085,1277.874,308.035,634.683
4,1.2,3.659,106.800,4.205,149.849,52.621,75.027,57.743,1270.337,313.158,644.834
4,1.5,3.660,106.761,4.182,152.906,52.296,77.091,57.401,1262.832,318.321,655.079
4,1.8,3.660,106.722,4.158,156.033,51.976,79.146,57.064,1255.407,323.490,665.390
4,2.1,3.661,106.683,4.135,159.230,51.656,81.225,56.726,1247.974,328.725,675.863
4,2.4,3.661,106.645,4.111,162.502,51.338,83.323,56.387,1240.515,334.043,686.512
4,2.7,3.662,106.606,4.087,165.850,51.019,85.446,56.047,1233.044,339.433,697.335
4,3,3.662,106.567,4.063,169.278,50.700,87.597,55.709,1225.604,344.866,708.307
4,3.3,3.663,106.529,4.039,172.787,50.385,89.753,55.375,1218.239,350.309,719.377
4,3.6,3.663,106.490,4.015,176.382,50.071,91.926,55.041,1210.909,355.792,730.590
4,3.9,3.664,106.451,3.990,180.065,49.762,94.093,54.711,1203.647,361.291,741.901
4,4.2,3.664,106.413,3.966,183.840,49.461,96.230,54.386,1196.495,366.772,753.254
4,4.5,3.664,106.374,3.941,187.709,49.167,98.341,54.060,1189.328,372.329,764.754
4,4.8,3.665,106.335,3.916,191.678,48.875,100.461,53.733,1182.134,377.976,776.451
4,5.1,3.665,106.297,3.891,195.748,48.586,102.588,53.404,1174.882,383.739,788.372
4,5.4,3.666,106.258,3.866,199.926,48.295,104.755,53.073,1167.607,389.591,800.530
4,5.7,3.666,106.220,3.840,204.214,48.001,106.967,52.739,1160.254,395.580,812.980
4,6,3.667,106.181,3.815,208.617,47.706,109.213,52.403,1152.863,401.679,825.690